"","date","calburned","steps","distance","floors","minsed","minlight","minmod","minintense","activitycal","sleepmin","awakemin","awakings","restmin","sleepeff","Season","sleephours"
"1",2015-05-09,3631,18925,14.11,4,611,316,61,60,2248,384,26,23,417,93.6585365853659,"spring",6.4
"2",2015-05-10,3204,14228,10.57,1,602,226,14,77,1719,454,35,21,491,92.8425357873211,"spring",7.56666666666667
"3",2015-05-11,2673,6756,5.02,8,749,190,23,4,962,387,46,25,436,89.3764434180139,"spring",6.45
"4",2015-05-12,2495,5020,3.73,1,876,171,0,0,736,311,31,21,350,90.9356725146199,"spring",5.18333333333333
"5",2015-05-13,2760,7790,5.79,15,726,172,34,18,1094,407,65,44,491,86.228813559322,"spring",6.78333333333333
"6",2015-05-14,2687,5614,4.17,2,782,216,13,1,983,405,47,31,457,89.6017699115044,"spring",6.75
"7",2015-05-15,2793,8169,6.07,14,801,218,8,7,1092,381,28,12,415,93.1540342298289,"spring",6.35
"8",2015-05-16,4061,19971,14.84,18,532,247,101,118,2700,269,34,16,306,88.7788778877888,"spring",4.48333333333333
"9",2015-05-17,3349,8520,6.33,12,606,186,46,73,1766,452,26,18,507,94.5606694560669,"spring",7.53333333333333
"10",2015-05-18,2961,11998,8.91,20,936,189,18,51,1371,269,17,11,291,94.0559440559441,"spring",4.48333333333333
"11",2015-05-19,2911,12425,9.23,14,827,186,18,54,1351,167,9,8,180,94.8863636363636,"spring",2.78333333333333
"12",2015-05-20,2569,6008,4.46,8,783,214,15,2,939,368,50,27,420,88.0382775119617,"spring",6.13333333333333
"13",2015-05-21,3228,16291,12.1,18,616,237,48,52,1766,386,30,22,420,92.7884615384615,"spring",6.43333333333333
"14",2015-05-22,2529,6111,4.54,8,820,190,14,5,882,351,46,26,399,88.4130982367758,"spring",5.85
"15",2015-05-23,4197,17928,13.32,17,533,262,79,132,2880,314,32,26,353,90.7514450867052,"spring",5.23333333333333
"16",2015-05-24,3899,13893,10.32,6,641,222,33,140,2502,432,35,24,469,92.5053533190578,"spring",7.2
"17",2015-05-25,2519,5109,3.8,8,861,200,0,0,847,224,24,19,270,90.3225806451613,"spring",3.73333333333333
"18",2015-05-26,2357,4430,3.29,6,1269,156,0,0,644,0,0,0,0,NA,"spring",0
"19",2015-05-27,3209,7498,5.57,18,692,196,64,50,1676,389,39,28,430,90.8878504672897,"spring",6.48333333333333
"20",2015-05-28,2811,8490,6.31,14,771,212,8,13,1148,381,24,17,412,94.0740740740741,"spring",6.35
"21",2015-05-29,2558,5650,4.2,8,789,208,0,0,890,417,66,32,486,86.3354037267081,"spring",6.95
"22",2015-05-30,4170,21479,15.98,16,503,230,55,153,2794,464,35,26,503,92.9859719438878,"spring",7.73333333333333
"23",2015-05-31,3533,18995,14.11,12,660,269,86,43,2092,328,53,25,382,86.0892388451444,"spring",5.46666666666667
"24",2015-06-01,3354,16836,12.51,8,586,248,35,70,1862,426,54,33,495,88.75,"summer",7.1
"26",2015-06-02,3369,15944,11.85,29,640,214,15,93,1827,430,41,26,484,91.2951167728238,"summer",7.16666666666667
"28",2015-06-03,3168,14273,10.6,11,721,178,16,89,1592,376,46,30,436,89.0995260663507,"summer",6.26666666666667
"30",2015-06-04,3470,16060,11.93,11,724,239,38,70,1939,312,44,25,369,87.6404494382023,"summer",5.2
"32",2015-06-05,3134,13594,10.1,16,677,215,36,52,1583,388,21,15,415,94.8655256723716,"summer",6.46666666666667
"34",2015-06-06,3436,15480,11.5,11,520,246,78,42,1927,409,56,34,468,87.9569892473118,"summer",6.81666666666667
"36",2015-06-07,3634,19440,14.48,8,966,210,28,130,2155,54,18,3,87,75,"summer",0.9
"37",2015-06-08,3267,13926,10.35,21,701,265,63,29,1785,347,45,21,401,88.5204081632653,"summer",5.78333333333333
"38",2015-06-09,3072,11338,8.42,28,806,228,43,31,1494,290,33,14,332,89.7832817337461,"summer",4.83333333333333
"39",2015-06-10,2750,7140,5.31,12,785,220,20,4,1081,379,24,14,411,94.044665012407,"summer",6.31666666666667
"40",2015-06-11,3187,15449,11.48,22,676,205,39,64,1676,394,29,17,436,93.1442080378251,"summer",6.56666666666667
"41",2015-06-12,3207,11920,8.86,11,593,352,34,11,1777,421,23,13,448,94.8198198198198,"summer",7.01666666666667
"42",2015-06-13,4083,26444,19.65,22,549,429,56,56,2818,169,20,11,196,89.4179894179894,"summer",2.81666666666667
"43",2015-06-14,2789,12335,9.16,35,1245,88,10,93,1209,0,0,0,0,NA,"summer",0
"44",2015-06-15,3234,14137,10.5,11,642,305,8,51,1756,412,17,9,436,96.037296037296,"summer",6.86666666666667
"45",2015-06-16,2952,11568,8.66,13,734,189,17,54,1352,379,49,30,438,88.5514018691589,"summer",6.31666666666667
"46",2015-06-17,3352,16813,12.52,52,709,202,2,110,1809,373,47,23,427,88.8095238095238,"summer",6.21666666666667
"47",2015-06-18,3425,15217,11.31,61,641,280,44,59,1974,360,51,26,416,87.5912408759124,"summer",6
"48",2015-06-19,3090,13158,9.78,101,715,171,30,66,1511,358,42,22,401,89.5,"summer",5.96666666666667
"49",2015-06-20,3699,19311,14.35,14,519,291,55,93,2348,415,48,29,468,89.6328293736501,"summer",6.91666666666667
"50",2015-06-21,3385,16186,12.03,42,637,229,52,75,1921,464,39,24,503,92.2465208747515,"summer",7.73333333333333
"51",2015-06-22,3088,12713,9.48,59,631,225,24,44,1533,388,54,28,444,87.7828054298643,"summer",6.46666666666667
"52",2015-06-23,2823,9132,6.79,15,777,223,32,15,1236,449,24,15,480,94.9260042283298,"summer",7.48333333333333
"53",2015-06-24,3678,20239,15.04,25,621,292,37,95,2292,357,29,15,395,92.4870466321243,"summer",5.95
"54",2015-06-25,3003,11199,8.32,28,737,227,36,20,1419,379,38,21,420,90.8872901678657,"summer",6.31666666666667
"55",2015-06-26,3534,20269,15.06,4,720,218,54,99,2078,332,16,7,349,95.4022988505747,"summer",5.53333333333333
"56",2015-06-27,3022,11655,8.66,10,670,220,28,53,1491,413,38,19,454,91.5742793791574,"summer",6.88333333333333
"57",2015-06-28,3237,12314,9.15,21,601,290,25,51,1750,438,45,22,488,90.6832298136646,"summer",7.3
"58",2015-06-29,3142,12586,9.35,19,735,234,35,49,1579,277,42,15,320,86.833855799373,"summer",4.61666666666667
"59",2015-06-30,2945,12445,9.25,11,635,200,18,58,1393,291,22,17,317,92.9712460063898,"summer",4.85
"60",2015-07-01,3352,14193,10.55,19,669,210,47,70,1782,370,26,14,444,93.4343434343434,"summer",6.16666666666667
"61",2015-07-02,3063,11560,8.62,30,708,158,25,67,1419,455,21,13,482,95.5882352941177,"summer",7.58333333333333
"62",2015-07-03,3465,15695,11.66,22,648,248,63,54,1947,311,19,11,333,94.2424242424242,"summer",5.18333333333333
"63",2015-07-04,2894,9747,7.24,8,646,253,22,19,1337,550,44,19,594,92.5925925925926,"summer",9.16666666666667
"64",2015-07-05,3515,15731,11.69,17,567,317,52,55,2111,368,57,27,431,86.5882352941177,"summer",6.13333333333333
"65",2015-07-06,2699,8391,6.23,11,877,136,36,30,1082,250,19,13,282,92.9368029739777,"summer",4.16666666666667
"66",2015-07-07,2740,8326,6.19,11,1118,217,10,3,1106,76,10,7,92,88.3720930232558,"summer",1.26666666666667
"67",2015-07-08,3244,14241,10.58,14,700,234,22,59,1662,360,39,18,425,90.2255639097744,"summer",6
"68",2015-07-09,2994,7298,5.42,6,836,290,10,1,1322,248,12,7,261,95.3846153846154,"summer",4.13333333333333
"69",2015-07-10,3134,10644,7.91,15,683,283,36,17,1606,410,52,27,463,88.7445887445887,"summer",6.83333333333333
"70",2015-07-11,3191,12371,9.19,11,639,194,46,60,1589,465,31,16,501,93.75,"summer",7.75
"71",2015-07-12,2810,7580,5.63,10,607,258,16,0,1201,406,22,17,435,94.8598130841121,"summer",6.76666666666667
"72",2015-07-13,3259,12168,9.04,18,731,212,52,60,1725,347,29,15,385,92.2872340425532,"summer",5.78333333333333
"73",2015-07-14,3383,15135,11.28,20,740,167,47,87,1813,362,24,14,393,93.7823834196891,"summer",6.03333333333333
"74",2015-07-15,3569,14996,11.14,32,573,321,50,54,2155,418,20,11,438,95.4337899543379,"summer",6.96666666666667
"75",2015-07-16,3017,8704,6.47,14,697,225,31,29,1392,411,31,11,451,92.9864253393665,"summer",6.85
"76",2015-07-17,3228,12739,9.47,16,761,247,47,47,1733,304,28,16,338,91.566265060241,"summer",5.06666666666667
"77",2015-07-18,3352,13247,9.84,20,484,317,31,47,1910,343,50,24,398,87.2773536895674,"summer",5.71666666666667
"78",2015-07-19,3237,11660,8.66,10,680,286,5,53,1703,368,18,10,391,95.3367875647668,"summer",6.13333333333333
"79",2015-07-20,3278,13702,10.18,21,708,246,48,43,1775,380,34,24,420,91.7874396135266,"summer",6.33333333333333
"80",2015-07-21,3040,11240,8.35,17,732,208,52,24,1438,322,41,13,363,88.7052341597796,"summer",5.36666666666667
"81",2015-07-22,3071,13262,9.85,20,1093,166,33,70,1495,0,0,0,0,NA,"summer",0
"82",2015-07-23,2984,9090,6.75,17,719,234,23,23,1349,472,29,16,519,94.2115768463074,"summer",7.86666666666667
"83",2015-07-24,3468,15779,11.72,23,618,346,48,21,2073,292,23,16,343,92.6984126984127,"summer",4.86666666666667
"84",2015-07-25,2706,6174,4.59,3,677,231,13,4,1046,304,47,21,357,86.6096866096866,"summer",5.06666666666667
"85",2015-07-26,3090,11614,8.63,9,503,301,2,40,1573,419,51,25,480,89.1489361702128,"summer",6.98333333333333
"86",2015-07-27,3091,13460,10,13,822,190,29,64,1527,172,6,7,185,96.6292134831461,"summer",2.86666666666667
"87",2015-07-28,2980,10000,7.43,13,803,230,44,11,1370,303,48,31,356,86.3247863247863,"summer",5.05
"88",2015-07-29,3138,10680,7.94,16,634,322,21,4,1628,368,29,23,406,92.6952141057935,"summer",6.13333333333333
"89",2015-07-30,3246,14105,10.48,20,718,225,60,44,1727,389,36,19,433,91.5294117647059,"summer",6.48333333333333
"90",2015-07-31,2654,9194,6.83,20,784,198,7,0,914,415,39,31,467,91.4096916299559,"summer",6.91666666666667
"91",2015-08-01,3453,17497,13.02,11,1092,219,54,45,1673,0,0,0,0,NA,"summer",0
"92",2015-08-02,2651,5765,4.28,8,544,245,6,6,1039,529,78,38,607,87.1499176276771,"summer",8.81666666666667
"93",2015-08-03,3420,15362,11.41,16,683,226,65,54,1883,294,42,18,351,87.5,"summer",4.9
"94",2015-08-04,2863,9870,7.33,20,793,186,28,32,1225,303,27,16,336,91.8181818181818,"summer",5.05
"95",2015-08-05,3326,14502,10.78,34,520,250,41,59,1838,553,31,20,592,94.6917808219178,"summer",9.21666666666667
"96",2015-08-06,3472,14652,10.89,26,562,350,42,20,2079,402,22,12,427,94.811320754717,"summer",6.7
"97",2015-08-07,2849,7628,5.67,11,638,283,11,8,1297,192,22,12,230,89.7196261682243,"summer",3.2
"98",2015-08-08,3168,13877,10.31,32,609,206,57,51,1638,487,27,17,518,94.7470817120623,"summer",8.11666666666667
"99",2015-08-09,3109,11433,8.49,15,561,236,40,35,1564,544,39,24,583,93.3104631217839,"summer",9.06666666666667
"100",2015-08-10,3139,13655,10.15,13,985,285,8,23,1617,77,0,0,77,100,"summer",1.28333333333333
"101",2015-08-11,2857,13535,10.08,7,1348,44,4,14,347,80,2,5,92,97.5609756097561,"summer",1.33333333333333
"102",2015-08-12,2055,1883,1.4,1,1370,70,0,0,287,0,0,0,0,NA,"summer",0
"103",2015-08-13,3218,11354,8.44,8,694,366,4,10,1718,263,33,17,297,88.8513513513514,"summer",4.38333333333333
"104",2015-08-14,3010,11532,8.57,4,572,301,26,10,1542,219,15,11,237,93.5897435897436,"summer",3.65
"105",2015-08-15,2813,6129,4.55,3,635,256,8,1,1159,551,42,27,593,92.9173693086003,"summer",9.18333333333333
"106",2015-08-16,2706,6238,4.64,3,688,267,0,0,1084,429,34,16,465,92.6565874730022,"summer",7.15
"107",2015-08-17,3683,15572,11.57,9,515,472,33,14,2362,263,7,13,285,97.4074074074074,"summer",4.38333333333333
"108",2015-08-18,3106,10886,8.09,19,639,292,27,20,1578,445,75,38,526,85.5769230769231,"summer",7.41666666666667
"109",2015-08-19,3217,12213,9.07,6,421,381,13,8,1834,212,33,15,247,86.530612244898,"summer",3.53333333333333
"110",2015-08-20,3421,12929,9.61,4,565,425,25,18,2070,324,22,13,354,93.6416184971098,"summer",5.4
"111",2015-08-21,3382,16365,12.16,5,461,329,45,16,1950,465,60,33,525,88.5714285714286,"summer",7.75
"112",2015-08-22,3498,17252,12.82,15,481,382,19,42,2164,440,33,23,476,93.0232558139535,"summer",7.33333333333333
"113",2015-08-23,3288,14537,10.8,3,518,345,19,47,1937,518,28,19,549,94.8717948717949,"summer",8.63333333333333
"114",2015-08-24,3215,13404,9.96,18,685,192,38,71,1648,375,49,33,446,88.4433962264151,"summer",6.25
"115",2015-08-25,3063,10940,8.13,12,697,199,52,50,1530,326,13,6,339,96.165191740413,"summer",5.43333333333333
"116",2015-08-26,2928,10032,7.45,13,757,175,45,45,1328,397,21,14,437,94.9760765550239,"summer",6.61666666666667
"117",2015-08-27,3229,14008,10.41,6,544,334,18,35,1828,497,47,37,549,91.3602941176471,"summer",8.28333333333333
"118",2015-08-28,3356,12149,9.03,11,1051,369,9,11,1861,0,0,0,0,NA,"summer",0
"119",2015-08-29,3890,19977,14.84,26,648,395,23,74,2540,234,5,8,250,97.907949790795,"summer",3.9
"120",2015-08-30,2961,11924,8.91,64,1421,0,0,0,0,52,6,3,69,89.6551724137931,"summer",0.866666666666667
"121",2015-08-31,3136,10757,7.99,15,1187,145,43,65,1532,0,0,0,0,NA,"summer",0
"122",2015-09-01,3681,12229,9.11,24,689,421,17,16,2200,125,13,9,141,90.5797101449275,"fall",2.08333333333333
"123",2015-09-02,3009,10330,7.68,16,770,248,16,15,1369,316,46,20,366,87.292817679558,"fall",5.26666666666667
"124",2015-09-03,3094,11689,8.69,11,1043,182,50,51,1530,0,0,0,0,NA,"fall",0
"125",2015-09-04,3518,15627,11.61,26,606,284,50,55,2063,452,26,18,489,94.5606694560669,"fall",7.53333333333333
"126",2015-09-05,2885,10681,7.94,1,656,240,15,30,1356,479,32,21,512,93.7377690802348,"fall",7.98333333333333
"127",2015-09-06,2745,7907,5.88,0,654,287,0,0,1217,382,30,18,414,92.7184466019417,"fall",6.36666666666667
"128",2015-09-07,2829,9487,7.05,17,1156,152,40,28,1197,0,0,0,0,NA,"fall",0
"129",2015-09-08,2742,8253,6.13,11,1137,91,16,29,763,153,8,9,163,95.0310559006211,"fall",2.55
"130",2015-09-09,4351,22238,16.52,16,355,407,87,85,3181,393,61,33,468,86.5638766519824,"fall",6.55
"131",2015-09-10,2967,10650,7.91,15,940,198,38,42,1421,226,12,8,249,94.9579831932773,"fall",3.76666666666667
"132",2015-09-11,3054,12038,8.94,14,700,201,44,57,1530,249,31,15,287,88.9285714285714,"fall",4.15
"133",2015-09-12,2937,11480,8.53,2,462,315,8,13,1481,525,72,45,603,87.9396984924623,"fall",8.75
"134",2015-09-13,2977,9199,6.84,5,600,361,15,8,1564,414,61,34,480,87.1578947368421,"fall",6.9
"135",2015-09-14,2947,9564,7.11,16,1118,168,43,46,1355,0,0,0,0,NA,"fall",0
"136",2015-09-15,2821,9019,6.7,13,755,144,72,25,1247,426,17,11,444,96.1625282167043,"fall",7.1
"137",2015-09-16,3041,10239,7.61,13,675,192,35,46,1464,423,40,27,478,91.3606911447084,"fall",7.05
"138",2015-09-17,2796,7739,5.75,14,741,211,17,10,1140,407,41,29,457,90.8482142857143,"fall",6.78333333333333
"139",2015-09-18,2978,12620,9.38,9,773,170,59,39,1419,393,58,30,452,87.139689578714,"fall",6.55
"140",2015-09-19,3160,14226,10.57,11,669,291,35,41,1736,396,35,24,433,91.8793503480278,"fall",6.6
"141",2015-09-20,2325,3858,2.87,1,1255,185,0,0,700,0,0,0,0,NA,"fall",0
"142",2015-09-21,3458,17603,13.08,35,1053,223,56,67,1912,0,0,0,0,NA,"fall",0
"143",2015-09-22,2988,10699,7.95,17,655,252,32,21,1471,395,35,17,430,91.8604651162791,"fall",6.58333333333333
"144",2015-09-23,2561,7261,5.39,17,908,135,14,18,869,420,36,17,456,92.1052631578947,"fall",7
"145",2015-09-24,3159,10608,7.88,17,1107,177,63,52,1600,0,0,0,0,NA,"fall",0
"146",2015-09-25,3193,12271,9.12,7,548,323,34,24,1799,434,35,16,469,92.5373134328358,"fall",7.23333333333333
"147",2015-09-26,2934,9998,7.45,2,782,327,0,0,1431,359,54,30,414,86.9249394673123,"fall",5.98333333333333
"148",2015-09-27,2589,5757,4.28,1,800,270,0,0,1033,265,20,10,285,92.9824561403509,"fall",4.41666666666667
"149",2015-09-28,2874,8995,6.68,13,826,171,45,33,1290,411,38,23,450,91.5367483296214,"fall",6.85
"150",2015-09-29,2757,7553,5.61,13,789,163,54,15,1146,309,39,26,348,88.7931034482759,"fall",5.15
"151",2015-09-30,2714,6494,4.83,11,711,208,26,5,1092,477,27,16,504,94.6428571428571,"fall",7.95
"152",2015-10-01,2712,7951,5.91,11,667,191,40,9,1126,403,45,27,448,89.9553571428571,"fall",6.71666666666667
"153",2015-10-02,2809,7424,5.52,8,801,179,43,25,1206,431,39,28,470,91.7021276595745,"fall",7.18333333333333
"154",2015-10-03,2322,6813,5.06,0,1325,75,41,9,667,0,0,0,0,NA,"fall",0
"155",2015-10-04,2319,3991,2.97,1,1136,163,0,0,645,108,7,5,115,93.9130434782609,"fall",1.8
"156",2015-10-05,2859,9725,7.23,6,988,268,24,14,1378,78,3,2,81,96.2962962962963,"fall",1.3
"157",2015-10-06,2978,8936,6.64,16,780,205,46,27,1383,397,66,35,463,85.7451403887689,"fall",6.61666666666667
"158",2015-10-07,2678,6565,4.88,10,841,157,27,20,1009,387,17,8,404,95.7920792079208,"fall",6.45
"159",2015-10-08,2767,7865,5.84,15,1118,204,32,13,1178,0,0,0,0,NA,"fall",0
"160",2015-10-09,2549,8718,6.48,10,976,65,0,0,258,407,65,33,472,86.228813559322,"fall",6.78333333333333
"161",2015-10-10,2918,12364,9.22,0,1046,234,29,32,1423,92,7,6,99,92.9292929292929,"fall",1.53333333333333
"162",2015-10-11,2509,5216,3.88,1,1243,175,17,5,878,0,0,0,0,NA,"fall",0
"163",2015-10-12,2687,6580,4.89,10,1246,104,57,33,1059,0,0,0,0,NA,"fall",0
"164",2015-10-13,2698,7015,5.21,10,1244,130,37,29,1036,0,0,0,0,NA,"fall",0
"165",2015-10-14,2621,8103,6.02,5,1219,215,4,2,1017,0,0,0,0,NA,"fall",0
"166",2015-10-15,2698,6962,5.17,11,1234,115,57,28,1075,0,0,0,0,NA,"fall",0
"167",2015-10-16,3295,16478,12.3,12,643,304,8,43,1833,326,29,16,355,91.830985915493,"fall",5.43333333333333
"168",2015-10-17,2871,11603,8.62,3,732,236,38,22,1384,444,57,33,505,88.622754491018,"fall",7.4
"169",2015-10-18,2899,11429,8.49,0,962,269,8,17,1390,142,9,6,151,94.0397350993377,"fall",2.36666666666667
"170",2015-10-19,2581,6293,4.68,1,854,226,0,0,956,347,45,29,393,88.5204081632653,"fall",5.78333333333333
"171",2015-10-20,2672,7269,5.4,14,1290,105,22,23,791,0,0,0,0,NA,"fall",0
"172",2015-10-21,2406,4471,3.32,2,1134,165,0,0,686,0,0,0,0,NA,"fall",0
"173",2015-10-22,3410,17913,13.31,7,1053,210,39,75,1851,136,21,10,157,86.6242038216561,"fall",2.26666666666667
"174",2015-10-23,2511,5431,4.04,1,678,166,9,13,808,209,14,6,223,93.7219730941704,"fall",3.48333333333333
"175",2015-10-24,2907,11672,8.67,0,663,222,48,29,1401,365,19,14,384,95.0520833333333,"fall",6.08333333333333
"176",2015-10-25,3435,14777,10.98,0,597,302,57,39,1943,151,16,10,167,90.4191616766467,"fall",2.51666666666667
"177",2015-10-26,2931,9171,6.81,9,767,273,30,7,1414,226,24,15,250,90.4,"fall",3.76666666666667
"178",2015-10-27,2867,8807,6.54,11,810,224,29,12,1275,405,44,23,449,90.2004454342984,"fall",6.75
"179",2015-10-28,2470,5623,4.18,2,779,170,19,3,817,276,28,14,304,90.7894736842105,"fall",4.6
"180",2015-10-29,3109,12910,9.59,20,1091,258,24,20,1519,0,0,0,0,NA,"fall",0
"181",2015-10-30,2942,8805,6.54,12,821,170,51,29,1264,155,8,5,163,95.0920245398773,"fall",2.58333333333333
"182",2015-10-31,2736,7107,5.28,0,510,277,0,0,1162,383,41,23,424,90.3301886792453,"fall",6.38333333333333
"183",2015-11-01,2395,3862,2.87,0,889,166,0,0,661,319,15,7,334,95.5089820359281,"fall",5.31666666666667
"184",2015-11-02,2590,7368,5.47,13,1279,126,22,13,777,0,0,0,0,NA,"fall",0
"185",2015-11-03,2403,6269,4.66,9,1430,10,0,0,37,0,0,0,0,NA,"fall",0
"186",2015-11-04,2917,8520,6.33,14,662,191,43,24,1294,345,41,21,386,89.3782383419689,"fall",5.75
"187",2015-11-05,2851,8116,6.03,13,827,228,37,8,1258,383,47,28,431,89.0697674418605,"fall",6.38333333333333
"188",2015-11-06,2820,8268,6.14,14,776,145,75,22,1218,391,23,11,414,94.4444444444444,"fall",6.51666666666667
"189",2015-11-07,3690,14489,10.77,0,525,280,52,68,2285,231,26,15,257,89.8832684824903,"fall",3.85
"190",2015-11-08,3067,9212,6.84,2,508,198,27,53,1510,526,30,17,556,94.6043165467626,"fall",8.76666666666667
"191",2015-11-09,2828,9500,7.06,0,756,218,28,13,1225,369,62,37,440,85.614849187935,"fall",6.15
"192",2015-11-10,3336,11151,8.29,1,705,198,40,79,1799,291,46,26,337,86.3501483679525,"fall",4.85
"193",2015-11-11,2867,12351,9.18,1,981,181,66,24,1353,143,8,5,151,94.7019867549669,"fall",2.38333333333333
"194",2015-11-12,2847,10670,7.93,1,684,162,17,61,1228,503,50,31,553,90.9584086799277,"fall",8.38333333333333
"195",2015-11-13,2460,5574,4.14,1,1209,156,8,16,778,0,0,0,0,NA,"fall",0
"196",2015-11-14,3445,11587,8.61,4,608,159,41,103,1953,524,32,14,556,94.2446043165468,"fall",8.73333333333333
"197",2015-11-15,2853,9499,7.06,2,738,167,28,44,1219,269,36,21,307,88.1967213114754,"fall",4.48333333333333
"198",2015-11-16,3590,13788,10.53,18,978,282,31,61,1990,0,0,0,0,NA,"fall",0
"199",2015-11-17,3792,18361,13.72,33,543,366,73,42,2462,378,32,23,410,92.1951219512195,"fall",6.3
"200",2015-11-18,3222,14055,10.44,10,673,268,53,27,1771,424,31,24,462,93.1868131868132,"fall",7.06666666666667
"201",2015-11-19,3092,11927,8.86,9,726,305,21,37,1650,353,33,26,386,91.4507772020725,"fall",5.88333333333333
"202",2015-11-20,3395,15221,11.31,6,464,316,40,58,2004,444,46,25,490,90.6122448979592,"fall",7.4
"203",2015-11-21,2802,8568,6.42,1,1174,249,3,14,1209,0,0,0,0,NA,"fall",0
"204",2015-11-22,2177,3284,2.44,0,1269,98,3,8,477,0,0,0,0,NA,"fall",0
"205",2015-11-23,3035,9408,6.99,1,682,295,31,14,1552,244,32,16,276,88.4057971014493,"fall",4.06666666666667
"206",2015-11-24,2843,10261,7.62,1,1182,210,2,46,1262,0,0,0,0,NA,"fall",0
"207",2015-11-25,2829,8218,6.11,22,1142,155,50,22,1177,69,2,1,71,97.1830985915493,"fall",1.15
"208",2015-11-26,3076,9760,7.25,13,1130,214,61,30,1502,0,0,0,0,NA,"fall",0
"209",2015-11-27,3242,10769,8,17,725,222,60,42,1711,325,22,17,348,93.6599423631124,"fall",5.41666666666667
"210",2015-11-28,3254,11671,8.7,5,643,375,7,15,1776,404,43,32,448,90.3803131991051,"fall",6.73333333333333
"211",2015-11-29,3247,14444,10.73,14,618,258,39,51,1821,328,33,22,362,90.8587257617729,"fall",5.46666666666667
"212",2015-11-30,4012,23313,17.32,16,550,389,67,75,2743,352,37,24,397,90.4884318766067,"fall",5.86666666666667
"213",2015-12-01,3232,16810,12.49,14,750,152,9,97,1618,275,31,14,306,89.8692810457516,"winter",4.58333333333333
"214",2015-12-02,3125,10745,8.01,10,634,174,48,62,1559,398,44,33,442,90.0452488687783,"winter",6.63333333333333
"215",2015-12-03,3165,10784,8.04,14,774,201,25,68,1600,271,37,21,308,87.987012987013,"winter",4.51666666666667
"216",2015-12-04,2835,10740,8.08,11,1100,146,39,52,1271,0,0,0,0,NA,"winter",0
"217",2015-12-05,2872,8531,6.36,0,723,325,0,0,1354,268,8,4,276,97.1014492753623,"winter",4.46666666666667
"218",2015-12-06,3072,12738,9.46,10,811,244,45,35,1579,196,19,7,215,91.1627906976744,"winter",3.26666666666667
"219",2015-12-07,3107,13520,10.07,13,672,261,13,50,1603,232,11,6,243,95.4732510288066,"winter",3.86666666666667
"220",2015-12-08,3801,15884,11.83,2,962,248,25,123,2393,0,0,0,0,NA,"winter",0
"221",2015-12-09,3062,10026,7.45,17,803,204,29,38,1449,318,38,31,369,89.3258426966292,"winter",5.3
"222",2015-12-10,3044,11868,8.84,17,1190,170,26,54,1411,0,0,0,0,NA,"winter",0
"223",2015-12-11,3082,12381,9.22,17,1096,212,30,52,1503,0,0,0,0,NA,"winter",0
"224",2015-12-12,2766,7157,5.32,11,605,290,0,0,1216,464,58,35,522,88.8888888888889,"winter",7.73333333333333
"225",2015-12-13,2787,7055,5.24,2,690,248,19,6,1182,279,21,20,303,93,"winter",4.65
"226",2015-12-14,2831,9348,6.99,18,827,179,22,42,1229,321,39,21,361,89.1666666666667,"winter",5.35
"227",2015-12-15,2711,8566,6.39,15,898,137,28,33,1038,242,12,6,254,95.2755905511811,"winter",4.03333333333333
"228",2015-12-16,2714,9786,7.27,20,1118,159,29,28,1110,102,4,2,106,96.2264150943396,"winter",1.7
"229",2015-12-17,2709,8371,6.22,18,1069,146,31,24,1050,161,9,4,170,94.7058823529412,"winter",2.68333333333333
"230",2015-12-18,2917,9428,7.01,10,1141,220,43,21,1331,0,0,0,0,NA,"winter",0
"231",2015-12-19,3110,13742,10.21,6,579,357,15,22,1734,440,42,22,482,91.2863070539419,"winter",7.33333333333333
"232",2015-12-20,3391,15636,11.73,2,550,316,56,23,1973,339,48,28,387,87.5968992248062,"winter",5.65
"233",2015-12-21,3145,12778,9.49,15,664,313,42,6,1678,388,16,10,404,96.039603960396,"winter",6.46666666666667
"234",2015-12-22,2636,7378,5.48,12,838,176,33,12,1044,419,19,11,438,95.662100456621,"winter",6.98333333333333
"235",2015-12-23,1789,0,0,0,1440,0,0,0,0,0,0,0,0,NA,"winter",0
"236",2015-12-24,2573,6452,4.79,0,1217,223,0,0,962,0,0,0,0,NA,"winter",0
"237",2015-12-25,2808,7837,5.82,0,663,332,0,0,1311,308,49,27,357,86.2745098039216,"winter",5.13333333333333
"238",2015-12-26,2626,6504,4.83,0,588,282,0,0,1089,488,46,27,534,91.3857677902622,"winter",8.13333333333333
"239",2015-12-27,2604,6444,4.84,1,746,252,0,0,1030,326,39,24,365,89.3150684931507,"winter",5.43333333333333
"240",2015-12-28,2845,7845,5.83,2,686,337,0,0,1359,207,31,18,238,86.9747899159664,"winter",3.45
"241",2015-12-29,3135,12260,9.11,11,636,375,3,26,1718,242,10,6,252,96.031746031746,"winter",4.03333333333333
"242",2015-12-30,3050,12154,9.05,9,617,276,6,45,1567,448,58,33,506,88.5375494071146,"winter",7.46666666666667
"243",2015-12-31,2856,7801,5.8,0,577,362,0,0,1394,541,31,13,572,94.5804195804196,"winter",9.01666666666667
"244",2016-01-01,2992,10460,7.92,0,685,375,0,0,1558,278,15,14,295,94.8805460750853,"winter",4.63333333333333
"245",2016-01-02,3265,13837,10.33,7,601,339,15,36,1841,316,39,19,355,89.0140845070423,"winter",5.26666666666667
"246",2016-01-03,3090,12517,9.3,11,1034,272,9,49,1566,0,0,0,0,NA,"winter",0
"247",2016-01-04,3116,10366,7.7,16,650,235,53,30,1590,380,52,31,432,87.962962962963,"winter",6.33333333333333
"248",2016-01-05,3241,12127,9.13,16,682,284,47,28,1760,297,31,19,328,90.5487804878049,"winter",4.95
"249",2016-01-06,2992,11327,8.42,14,613,314,5,32,1530,354,43,22,397,89.1687657430731,"winter",5.9
"250",2016-01-07,3146,11098,8.25,15,720,247,53,30,1630,336,16,8,352,95.4545454545455,"winter",5.6
"251",2016-01-08,3174,12395,9.23,2,567,405,7,8,1812,306,17,10,323,94.7368421052632,"winter",5.1
"252",2016-01-09,2615,6643,4.94,0,676,283,0,0,1093,396,29,10,425,93.1764705882353,"winter",6.6
"253",2016-01-10,2711,8846,6.57,9,1167,183,36,29,1197,0,0,0,0,NA,"winter",0
"254",2016-01-11,3013,9642,7.16,15,758,247,44,24,1472,327,18,11,345,94.7826086956522,"winter",5.45
"255",2016-01-12,2993,9982,7.42,8,839,222,30,26,1387,254,36,18,290,87.5862068965517,"winter",4.23333333333333
"256",2016-01-13,2627,6613,4.91,11,857,205,13,3,1020,423,13,7,436,97.0183486238532,"winter",7.05
"257",2016-01-14,3128,12161,9.21,11,719,198,34,60,1560,345,29,19,374,92.2459893048128,"winter",5.75
"258",2016-01-15,3361,14837,11.37,11,687,210,58,71,1917,391,39,22,430,90.9302325581395,"winter",6.51666666666667
"259",2016-01-16,3379,16759,12.59,7,589,333,23,59,1977,400,41,27,441,90.702947845805,"winter",6.66666666666667
"260",2016-01-17,2878,9602,7.26,0,547,279,4,15,1314,434,31,26,466,93.3333333333333,"winter",7.23333333333333
"261",2016-01-18,2144,3761,2.79,7,998,99,5,3,467,325,11,5,336,96.7261904761905,"winter",5.41666666666667
"262",2016-01-19,2543,7456,5.6,6,1215,103,22,35,881,0,0,0,0,NA,"winter",0
"263",2016-01-20,3472,16755,12.78,10,551,331,24,51,2073,468,37,24,507,92.6732673267327,"winter",7.8
"264",2016-01-21,3218,11937,8.96,12,699,254,57,32,1729,336,55,30,391,85.9335038363171,"winter",5.6
"265",2016-01-22,3426,14577,10.96,5,519,391,34,22,2110,458,63,36,521,87.9078694817658,"winter",7.63333333333333
"266",2016-01-23,3615,17541,13.12,9,570,358,50,45,2286,339,47,28,386,87.8238341968912,"winter",5.65
"267",2016-01-24,1801,39000,0.03,0,1076,5,0,0,16,342,48,31,390,87.6923076923077,"winter",5.7
"268",2016-01-25,2420,6610,4.91,10,1270,93,24,26,756,0,0,0,0,NA,"winter",0
"269",2016-01-26,3066,13073,9.71,18,790,166,52,61,1521,357,35,22,392,91.0714285714286,"winter",5.95
"270",2016-01-27,2886,9997,7.46,9,759,164,52,28,1291,328,37,21,365,89.8630136986301,"winter",5.46666666666667
"271",2016-01-28,3092,10707,7.96,10,753,262,57,18,1592,385,41,27,427,90.3755868544601,"winter",6.41666666666667
"272",2016-01-29,2931,9952,7.39,17,760,233,30,26,1400,248,32,20,280,88.5714285714286,"winter",4.13333333333333
"273",2016-01-30,3034,9774,7.26,0,519,357,16,2,1641,410,26,14,436,94.0366972477064,"winter",6.83333333333333
"274",2016-01-31,2787,6260,4.65,0,671,298,0,0,1277,424,48,28,473,89.8305084745763,"winter",7.06666666666667
"279",2016-02-05,3110,10434,7.75,13,718,243,42,29,1544,401,18,14,420,95.7040572792363,"winter",6.68333333333333
"281",2016-02-06,3177,12578,9.4,0,563,388,10,11,1784,350,29,19,380,92.3482849604222,"winter",5.83333333333333
"282",2016-02-07,3182,15373,11.7,12,599,273,10,62,1729,316,15,7,331,95.4682779456193,"winter",5.26666666666667
"283",2016-02-08,3206,12327,9.24,8,699,278,28,30,1680,376,50,30,426,88.2629107981221,"winter",6.26666666666667
"284",2016-02-09,2872,10457,7.82,14,847,181,15,41,1252,342,41,21,383,89.2950391644909,"winter",5.7
"285",2016-02-10,2662,9900,7.43,21,1237,156,6,41,1098,0,0,0,0,NA,"winter",0
"286",2016-02-11,2899,8966,6.66,14,802,235,21,20,1299,333,22,15,355,93.8028169014084,"winter",5.55
"287",2016-02-12,2816,8353,6.21,19,732,219,17,26,1187,322,26,14,348,92.5287356321839,"winter",5.36666666666667
"288",2016-02-13,3235,13907,10.36,0,551,357,15,15,1813,448,55,29,503,89.065606361829,"winter",7.46666666666667
"289",2016-02-14,3289,14183,10.54,13,617,374,45,12,1941,264,28,20,293,90.4109589041096,"winter",4.4
"290",2016-02-15,2751,8453,6.28,11,1304,124,8,4,589,0,0,0,0,NA,"winter",0
"291",2016-02-16,2927,7995,5.98,15,802,231,34,16,1347,305,27,16,334,91.8674698795181,"winter",5.08333333333333
"292",2016-02-17,2783,6707,4.98,10,913,174,36,19,1131,309,12,7,321,96.2616822429907,"winter",5.15
"293",2016-02-18,2804,8109,6.1,13,1212,143,42,33,1146,0,0,0,0,NA,"winter",0
"294",2016-02-19,2815,11971,9.23,11,865,179,3,51,1234,317,17,9,334,94.9101796407186,"winter",5.28333333333333
"295",2016-02-20,2960,11371,8.45,0,457,327,14,19,1533,383,35,31,419,91.6267942583732,"winter",6.38333333333333
"296",2016-02-21,2038,2190,1.63,0,954,93,0,0,351,347,45,32,393,88.5204081632653,"winter",5.78333333333333
"297",2016-02-22,2594,6592,4.93,10,1234,155,23,14,958,0,0,0,0,NA,"winter",0
"298",2016-02-23,2841,8624,6.41,10,739,193,36,25,1220,243,23,9,266,91.3533834586466,"winter",4.05
"299",2016-02-24,2933,8307,6.17,12,762,195,25,37,1305,437,22,9,459,95.2069716775599,"winter",7.28333333333333
"300",2016-02-25,2816,7941,5.9,9,878,142,47,32,1184,382,35,21,417,91.6067146282974,"winter",6.36666666666667
"301",2016-02-26,2764,8050,5.98,9,1203,177,40,20,1150,0,0,0,0,NA,"winter",0
"302",2016-02-27,3029,9923,7.37,5,1124,184,25,44,1306,0,0,0,0,NA,"winter",0
"303",2016-02-28,2844,9504,7.15,2,687,283,10,1,1322,262,33,16,295,88.8135593220339,"winter",4.36666666666667
"304",2016-02-29,2612,6847,5.09,10,731,206,20,1,1023,166,14,7,180,92.2222222222222,"winter",2.76666666666667
"305",2016-03-01,3117,11618,8.66,12,776,217,59,29,1584,420,31,26,451,93.1263858093126,"spring",7
"306",2016-03-02,2897,10450,7.76,19,765,199,35,26,1292,327,34,22,361,90.5817174515235,"spring",5.45
"307",2016-03-03,2864,11478,8.69,17,749,167,5,45,1219,420,45,28,465,90.3225806451613,"spring",7
"308",2016-03-04,2996,10650,7.97,13,754,227,31,30,1420,157,10,5,167,94.0119760479042,"spring",2.61666666666667
"309",2016-03-05,2228,3103,2.31,1,1042,155,0,0,572,302,23,15,325,92.9230769230769,"spring",5.03333333333333
"310",2016-03-06,2660,6960,5.2,0,1105,280,0,0,1103,0,0,0,0,NA,"spring",0
"311",2016-03-07,3220,16699,13.4,11,791,158,9,97,1664,348,39,23,387,89.922480620155,"spring",5.8
"312",2016-03-08,3083,14068,11.26,14,824,167,8,65,1469,267,31,18,299,89.5973154362416,"spring",4.45
"313",2016-03-09,3339,18092,14.05,19,1120,243,8,69,1833,0,0,0,0,NA,"spring",0
"314",2016-03-10,3307,18530,14.71,20,793,162,21,100,1766,334,29,18,364,92.0110192837466,"spring",5.56666666666667
"315",2016-03-11,3135,14587,10.86,2,1013,313,14,38,1726,0,0,0,0,NA,"spring",0
"316",2016-03-12,2840,9992,7.45,4,685,339,0,13,1438,275,13,10,288,95.4861111111111,"spring",4.58333333333333
"317",2016-03-13,1790,0,0,0,1440,0,0,0,0,0,0,0,0,NA,"spring",0
"318",2016-03-14,2538,9336,7.4,11,1288,73,4,50,850,0,0,0,0,NA,"spring",0
"319",2016-03-15,3133,15596,12.61,13,782,187,3,77,1557,356,14,5,370,96.2162162162162,"spring",5.93333333333333
"320",2016-03-16,3960,25385,20.45,17,638,254,17,124,2556,368,46,22,414,88.8888888888889,"spring",6.13333333333333
"321",2016-03-17,3150,14577,11.46,17,823,162,10,81,1553,388,14,10,402,96.5174129353234,"spring",6.46666666666667
"322",2016-03-18,3214,16667,13.08,12,832,173,9,90,1647,223,33,17,256,87.109375,"spring",3.71666666666667
"323",2016-03-19,3870,13361,9.93,7,530,418,38,50,2548,435,49,31,484,89.8760330578512,"spring",7.25
"324",2016-03-20,2731,6754,5.02,1,564,315,0,0,1237,383,35,23,427,91.6267942583732,"spring",6.38333333333333
"325",2016-03-21,2464,5424,4.03,10,1047,193,7,2,859,224,20,13,244,91.8032786885246,"spring",3.73333333333333
"326",2016-03-22,3555,17913,13.41,15,593,382,22,55,2243,274,35,26,319,88.673139158576,"spring",4.56666666666667
"327",2016-03-23,3063,14324,10.89,14,669,222,10,59,1542,391,27,13,418,93.5406698564593,"spring",6.51666666666667
"328",2016-03-24,2503,8049,6.03,8,1090,123,3,24,817,254,32,13,286,88.8111888111888,"spring",4.23333333333333
"329",2016-03-25,3052,11122,8.29,0,599,386,9,0,1646,204,10,5,214,95.3271028037383,"spring",3.4
"330",2016-03-26,3021,9570,7.11,1,879,395,0,0,1587,64,5,4,69,92.7536231884058,"spring",1.06666666666667
"331",2016-03-27,2223,4667,3.47,0,889,114,20,2,588,457,54,35,512,89.4324853228963,"spring",7.61666666666667
"332",2016-03-28,1790,0,0,0,1440,0,0,0,0,0,0,0,0,NA,"spring",0
"333",2016-03-29,2648,9781,7.34,12,1230,139,6,39,1009,0,0,0,0,NA,"spring",0
"334",2016-03-30,3768,21383,16.69,17,641,384,23,57,2417,321,40,21,361,88.9196675900277,"spring",5.35
"335",2016-03-31,3512,20109,15.18,21,629,302,35,63,2107,319,25,15,344,92.7325581395349,"spring",5.31666666666667
"336",2016-04-01,2814,11130,8.61,8,900,162,3,54,1176,337,51,23,388,86.8556701030928,"spring",5.61666666666667
"337",2016-04-02,2884,8250,6.13,0,950,314,7,1,1335,78,6,3,85,92.8571428571429,"spring",1.3
"338",2016-04-03,2931,8682,6.45,0,669,355,0,0,1437,315,45,23,360,87.5,"spring",5.25
"339",2016-04-04,3314,17535,13.66,14,881,168,8,102,1731,184,29,16,214,86.3849765258216,"spring",3.06666666666667
"340",2016-04-05,3830,20154,15.05,3,445,471,28,45,2580,425,25,8,450,94.4444444444444,"spring",7.08333333333333
"341",2016-04-06,4112,23286,17.84,19,561,451,28,67,2850,267,34,15,302,88.7043189368771,"spring",4.45
"342",2016-04-07,3048,13004,9.87,14,856,214,3,58,1472,359,14,7,373,96.2466487935657,"spring",5.98333333333333
"343",2016-04-08,3241,13441,10.04,2,449,439,0,0,1874,379,46,24,425,89.1764705882353,"spring",6.31666666666667
"344",2016-04-09,3038,10216,7.59,0,535,390,0,0,1607,507,18,10,525,96.5714285714286,"spring",8.45
"345",2016-04-10,2304,5634,4.19,0,921,92,41,4,659,306,35,22,341,89.7360703812317,"spring",5.1
"346",2016-04-11,3419,17422,13.38,34,674,290,14,61,1928,407,50,26,457,89.0590809628009,"spring",6.78333333333333
"347",2016-04-12,3179,14475,10.92,14,664,291,10,47,1696,354,37,21,391,90.537084398977,"spring",5.9
"348",2016-04-13,3427,17777,13.66,20,696,276,10,80,1967,365,65,31,430,84.8837209302326,"spring",6.08333333333333
"349",2016-04-14,3479,19087,14.65,17,711,221,12,96,1954,278,26,18,304,91.4473684210526,"spring",4.63333333333333
"350",2016-04-15,3501,16290,12.2,12,467,427,25,11,2166,396,50,20,446,88.7892376681614,"spring",6.6
"351",2016-04-16,3342,14252,10.64,6,675,323,60,18,1947,404,67,25,471,85.7749469214437,"spring",6.73333333333333
"352",2016-04-17,2769,8262,6.14,3,1089,302,0,0,1266,0,0,0,0,NA,"spring",0
"353",2016-04-18,3486,19450,15.06,18,860,190,6,98,1926,307,28,12,335,91.6417910447761,"spring",5.11666666666667
"354",2016-04-19,3596,17232,13.61,17,1002,262,4,88,2085,0,0,0,0,NA,"spring",0
"355",2016-04-20,3321,16946,12.93,25,762,238,5,67,1795,411,31,17,442,92.9864253393665,"spring",6.85
"356",2016-04-21,3464,19183,14.67,24,723,218,7,97,1964,341,27,17,368,92.6630434782609,"spring",5.68333333333333
"357",2016-04-22,3328,12963,9.66,10,404,436,14,10,2020,430,62,39,492,87.3983739837398,"spring",7.16666666666667
"358",2016-04-23,2612,6456,4.8,6,782,305,0,0,1135,305,42,28,348,87.8962536023055,"spring",5.08333333333333
"359",2016-04-24,2863,10413,7.73,6,700,269,28,24,1411,375,56,31,431,87.0069605568445,"spring",6.25
"360",2016-04-25,3175,10499,7.8,0,661,430,9,4,1805,237,28,14,265,89.4339622641509,"spring",3.95
"361",2016-04-26,3357,17226,12.97,19,751,185,16,95,1798,360,20,10,380,94.7368421052632,"spring",6
"362",2016-04-27,3631,19784,15.51,25,694,151,26,128,2070,361,49,27,410,88.0487804878049,"spring",6.01666666666667
"363",2016-04-28,4030,25571,19.3,15,606,293,42,129,2711,374,56,34,430,86.9767441860465,"spring",6.23333333333333
"364",2016-04-29,3442,17528,13.36,15,594,239,8,82,1931,348,20,9,368,94.5652173913043,"spring",5.8
"365",2016-04-30,3061,9831,7.3,1,561,414,0,0,1651,454,48,27,502,90.4382470119522,"spring",7.56666666666667
"366",2016-05-01,3331,14262,10.6,5,666,361,21,41,1937,347,41,20,388,89.4329896907217,"spring",5.78333333333333
"367",2016-05-02,2989,13236,9.98,12,770,234,8,38,1477,314,34,23,348,90.2298850574713,"spring",5.23333333333333
"368",2016-05-03,3796,18588,14.13,16,599,275,49,79,2360,377,33,18,410,91.9512195121951,"spring",6.28333333333333
"369",2016-05-04,3525,16382,12.39,16,684,333,10,55,2075,406,21,8,427,95.0819672131148,"spring",6.76666666666667
"370",2016-05-05,3649,21913,16.4,19,701,287,29,90,2249,280,35,15,315,88.8888888888889,"spring",4.66666666666667
"371",2016-05-06,3539,19023,14.79,15,575,298,8,85,2112,370,42,22,412,89.8058252427184,"spring",6.16666666666667
"372",2016-05-07,3040,9526,7.08,2,564,370,13,10,1604,502,57,31,563,89.8032200357782,"spring",8.36666666666667
